"_SYSTEM_ID","Question External Id","Question Name"
"674dab27988336e1e9fe1573","Q1_1733143333276","Ms. Reeta is the education officer and has thought of working on the health of the community members through studentsâ€™ engagement. How should she ensure success?"
"674dab27988336e1e9fe1579","Q2_1733143333276","Mr. Hira as the education officer as part of his duties has to channelize and monitor funds. He has realised that the schools do not share their expenses regularly. He may not receive further funds in case he fails to share the project progress and submit the expenses. What do you think he should do?"
"674dab27988336e1e9fe157f","Q3_1733143333276","Age"
"674dab27988336e1e9fe1585","Q4_1733143333276","As the district official, one of Mr. Sanjay's objectives is to increase the enrolment of new students every year. He has to ensure that there is equal focus on genders, CwSN, and students from minority status. How should he ensure that the project running is as per the goals set?"
"674dab27988336e1e9fe158b","Q5_1733143333276","One of the important goals set by Ms. Rekha is to improve the performance of the school teachers by sending them for various training workshops. How should she ensure that all teachers get trained uniformly across the district?"
"674dab27988336e1e9fe1591","Q6_1733143333276","There have been few changes in the syllabus. Some of the principals and teachers are anxious as they feel that the syllabus has become difficult. How do you think Mr. Babu should as the education officer handle the situation?"
"674dab27988336e1e9fe1597","Q7_1733143333276","Experience"
"674dab27988336e1e9fe159d","Q8_1733143333276","Date of birth"
"674dab27988336e1e9fe15a3","Q9_1733143333276","Due to the pandemic, the progress on various initiatives has been slow. Some of the school principals are not in favour because they feel the burden is already enough due to virtual classes. How would you communicate with them to implement the initiatives?"
"674dab27988336e1e9fe15aa","Q10_1733143333276","Mr. Ramesh is the education officer. He has to decide which projects he would like to initiate this year. How do you suggest he should decide?"
"674dab27988336e1e9fe15b0","Q11_1733143333276","Your senior has informed you that you are required to make a few changes in the current Health plan of students. You have also been briefed with what changes have to be implemented. When and how would you involve school principals to implement these changes across all schools of your district?"
"674dab27988336e1e9fe15b7","Q12_1733143333276","The new initiatives by the education department want district education officers to implement ICDS. How would you ensure that the initiatives are implemented across the district?"
"674dab27988336e1e9fe15bd","Q13_1733143333276","As the education officer, you are required to create awareness for Women and Child Welfare in the district. How would you ensure awareness is brought across the district?"
"674dab27988336e1e9fe15c4","Q14_1733143333276","Mr. Raju has realised that there is an increasing issue of high drop out among girls in your district. How would you handle the situation?"
"674dab27988336e1e9fe15ca","Q15_1733143333276","You are working on improving the enrolment of new students in the schools of your district. You need to establish goals for the plan. What will you do?"
"674dab27988336e1e9fe15d0","Q16_1733143333276","You would like to work on implementing BaLa in the schools of your district. How would you ensure that the project is a success?"